StartDate,EndDate,Status,IPAddress,Progress,Duration (in seconds),Finished,RecordedDate,ResponseId,RecipientLastName,RecipientFirstName,RecipientEmail,ExternalReference,LocationLatitude,LocationLongitude,DistributionChannel,UserLanguage,Q7,Q8,Q9,Q10,Q2,Q3,Q4,Q5,Q6,Q7,Q5_1,Q5_2,Q5_3,Q5_4,Q5_5,Q6_1,Q6_2,Q6_3,Q6_4,Q6_5,Q6_6,Q7_1,Q7_2,Q7_3,Q7_4,Q7_5,Q7_6,Q8_1,Q8_2,Q8_3,Q8_4,Q8_5,Q8_6,Q9_1,Q9_2,Q9_3,Q9_4,Q9_5,Q9_6,Q5_1,Q5_2,Q5_3,Q5_4,Q5_5,Q5_6,Q5_7,Q6_1,Q6_2,Q6_3,Q6_4,Q6_5,Q6_6,Q6_7,Q7_1,Q7_2,Q7_3,Q7_4,Q7_5,Q7_6,Q7_7,Q8_1,Q8_2,Q8_3,Q8_4,Q8_5,Q8_6,Q8_7,Q9_1,Q9_2,Q9_3,Q9_4,Q9_5,Q9_6,Q9_7
Start Date,End Date,Response Type,IP Address,Progress,Duration (in seconds),Finished,Recorded Date,Response ID,Recipient Last Name,Recipient First Name,Recipient Email,External Data Reference,Location Latitude,Location Longitude,Distribution Channel,User Language,Please write your last number of your birth year. Example (1985 = 5).,Please type your last two digits of your phone number. Example (507-123-4567 = 67).,Please type your last number of your permanent house address. Example (150 = 0).,Please type all numbers together in the order of the questions. Example (5670).,"1.	Describe how the TeamSTEPPS® principles of communication, leadership, mutual support, situation monitoring, and teamwork impacted your perceptions, attitudes, and practice at Bridges.","2.	Describe how the TeamSTEPPS® resources, strategies, and tools of briefs, check-back, CUS, debriefs, huddles, SBAR, and TeamSTEPPS® pocket guide app, were used and impacted your practice and leadership at Bridges.","3.	Describe how the TeamSTEPPS® method has or has not cultivated team cohesiveness among participating providers at Bridges.","4.	Please provide one example within your team of TeamSTEPPS® leadership and teamwork principles and how it impacted your teams function in promoting quality patient care.","5.	How have you seen the students you supervise/mentor utilize these principles, resources, strategies, and tools?","6.	Please provide any other comments or feedback you would like to add.","T-TAQ Post TeamSTEPPS Training

Team Structure

Instructions: Please respond to the questions below by selecting the bubble that corresponds to your level of agreement from Strongly Disagree to Strongly Agree. Please select only one response for each question. (Team Member = IP licensed providers as faculty and IP health profession students within the clinical setting). - 1. It is important to ask patients and their families for feedback regarding patient care.","T-TAQ Post TeamSTEPPS Training

Team Structure

Instructions: Please respond to the questions below by selecting the bubble that corresponds to your level of agreement from Strongly Disagree to Strongly Agree. Please select only one response for each question. (Team Member = IP licensed providers as faculty and IP health profession students within the clinical setting). - 2. Patients are a critical component of the care team.","T-TAQ Post TeamSTEPPS Training

Team Structure

Instructions: Please respond to the questions below by selecting the bubble that corresponds to your level of agreement from Strongly Disagree to Strongly Agree. Please select only one response for each question. (Team Member = IP licensed providers as faculty and IP health profession students within the clinical setting). - 3. The clinical director influences the success of direct care teams.","T-TAQ Post TeamSTEPPS Training

Team Structure

Instructions: Please respond to the questions below by selecting the bubble that corresponds to your level of agreement from Strongly Disagree to Strongly Agree. Please select only one response for each question. (Team Member = IP licensed providers as faculty and IP health profession students within the clinical setting). - 4. Effective team members can anticipate the needs of other team members.","T-TAQ Post TeamSTEPPS Training

Team Structure

Instructions: Please respond to the questions below by selecting the bubble that corresponds to your level of agreement from Strongly Disagree to Strongly Agree. Please select only one response for each question. (Team Member = IP licensed providers as faculty and IP health profession students within the clinical setting). - 5. High performing teams in healthcare share common characteristics with high performing teams in other clinical settings.","T-TAQ Post TeamSTEPPS Training

Leadership

Instructions: Please respond to the questions below by selecting the bubble that corresponds to your level of agreement from Strongly Disagree to Strongly Agree. Please select only one response for each question. (Team Member = IP licensed providers as faculty and IP health profession students within the clinical setting). - 6. It is important for leaders to share information with team members.","T-TAQ Post TeamSTEPPS Training

Leadership

Instructions: Please respond to the questions below by selecting the bubble that corresponds to your level of agreement from Strongly Disagree to Strongly Agree. Please select only one response for each question. (Team Member = IP licensed providers as faculty and IP health profession students within the clinical setting). - 7. Leaders should create informal opportunities for team members to share information.","T-TAQ Post TeamSTEPPS Training

Leadership

Instructions: Please respond to the questions below by selecting the bubble that corresponds to your level of agreement from Strongly Disagree to Strongly Agree. Please select only one response for each question. (Team Member = IP licensed providers as faculty and IP health profession students within the clinical setting). - 8. Effective leaders view honest mistakes as meaningful learning opportunities.","T-TAQ Post TeamSTEPPS Training

Leadership

Instructions: Please respond to the questions below by selecting the bubble that corresponds to your level of agreement from Strongly Disagree to Strongly Agree. Please select only one response for each question. (Team Member = IP licensed providers as faculty and IP health profession students within the clinical setting). - 9. It is a leader's responsibility to model appropriate team behavior.","T-TAQ Post TeamSTEPPS Training

Leadership

Instructions: Please respond to the questions below by selecting the bubble that corresponds to your level of agreement from Strongly Disagree to Strongly Agree. Please select only one response for each question. (Team Member = IP licensed providers as faculty and IP health profession students within the clinical setting). - 10. It is important for leaders to take time to discuss with their team members plans for each patient.","T-TAQ Post TeamSTEPPS Training

Leadership

Instructions: Please respond to the questions below by selecting the bubble that corresponds to your level of agreement from Strongly Disagree to Strongly Agree. Please select only one response for each question. (Team Member = IP licensed providers as faculty and IP health profession students within the clinical setting). - 11. Team leaders should ensure that team members help each other out when necessary.","T-TAQ Post TeamSTEPPS Training

Situation Monitoring 

Instructions: Please respond to the questions below by selecting the bubble that corresponds to your level of agreement from Strongly Disagree to Strongly Agree. Please select only one response for each question. (Team Member = IP licensed providers as faculty and IP health profession students within the clinical setting). - 13. Team members can be taught how to scan the environment for important situational cues.","T-TAQ Post TeamSTEPPS Training

Situation Monitoring 

Instructions: Please respond to the questions below by selecting the bubble that corresponds to your level of agreement from Strongly Disagree to Strongly Agree. Please select only one response for each question. (Team Member = IP licensed providers as faculty and IP health profession students within the clinical setting). - 14. Monitoring patients provides an important contribution to effective team performance.","T-TAQ Post TeamSTEPPS Training

Situation Monitoring 

Instructions: Please respond to the questions below by selecting the bubble that corresponds to your level of agreement from Strongly Disagree to Strongly Agree. Please select only one response for each question. (Team Member = IP licensed providers as faculty and IP health profession students within the clinical setting). - 15. Team members who are not part of the direct care team should be encouraged to scan for and report changes in clinical setting.","T-TAQ Post TeamSTEPPS Training

Situation Monitoring 

Instructions: Please respond to the questions below by selecting the bubble that corresponds to your level of agreement from Strongly Disagree to Strongly Agree. Please select only one response for each question. (Team Member = IP licensed providers as faculty and IP health profession students within the clinical setting). - 16. It is important to monitor the emotional and physical status of other team members.","T-TAQ Post TeamSTEPPS Training

Situation Monitoring 

Instructions: Please respond to the questions below by selecting the bubble that corresponds to your level of agreement from Strongly Disagree to Strongly Agree. Please select only one response for each question. (Team Member = IP licensed providers as faculty and IP health profession students within the clinical setting). - 17. It is appropriate for one team member to offer assistance to another who may be too tired or stressed to perform a task.","T-TAQ Post TeamSTEPPS Training

Situation Monitoring 

Instructions: Please respond to the questions below by selecting the bubble that corresponds to your level of agreement from Strongly Disagree to Strongly Agree. Please select only one response for each question. (Team Member = IP licensed providers as faculty and IP health profession students within the clinical setting). - 18. Team members who monitor their emotional and physical status within the clinical setting are more effective.","T-TAQ Post TeamSTEPPS Training

Mutual Support 

Instructions: Please respond to the questions below by selecting the bubble that corresponds to your level of agreement from Strongly Disagree to Strongly Agree. Please select only one response for each question. (Team Member = IP licensed providers as faculty and IP health profession students within the clinical setting). - 19. To be effective, team members should understand the work of their fellow team members.","T-TAQ Post TeamSTEPPS Training

Mutual Support 

Instructions: Please respond to the questions below by selecting the bubble that corresponds to your level of agreement from Strongly Disagree to Strongly Agree. Please select only one response for each question. (Team Member = IP licensed providers as faculty and IP health profession students within the clinical setting). - 20. Asking for assistance from a team member is a sign that an individual does not know how to do their task effectively.","T-TAQ Post TeamSTEPPS Training

Mutual Support 

Instructions: Please respond to the questions below by selecting the bubble that corresponds to your level of agreement from Strongly Disagree to Strongly Agree. Please select only one response for each question. (Team Member = IP licensed providers as faculty and IP health profession students within the clinical setting). - 21. Providing assistance to team members is a sign that a team member does not have enough work to do.","T-TAQ Post TeamSTEPPS Training

Mutual Support 

Instructions: Please respond to the questions below by selecting the bubble that corresponds to your level of agreement from Strongly Disagree to Strongly Agree. Please select only one response for each question. (Team Member = IP licensed providers as faculty and IP health profession students within the clinical setting). - 22. Offering to help a fellow team member with his/her individual work tasks is an effective tool for improving team performance.","T-TAQ Post TeamSTEPPS Training

Mutual Support 

Instructions: Please respond to the questions below by selecting the bubble that corresponds to your level of agreement from Strongly Disagree to Strongly Agree. Please select only one response for each question. (Team Member = IP licensed providers as faculty and IP health profession students within the clinical setting). - 23. It is appropriate to continue to assert a patient safety concern until you are certain that it has been heard.","T-TAQ Post TeamSTEPPS Training

Mutual Support 

Instructions: Please respond to the questions below by selecting the bubble that corresponds to your level of agreement from Strongly Disagree to Strongly Agree. Please select only one response for each question. (Team Member = IP licensed providers as faculty and IP health profession students within the clinical setting). - 24. Personal conflicts between team members do not affect patient safety.","T-TAQ Post TeamSTEPPS Training

Communication 

Instructions: Please respond to the questions below by selecting the bubble that corresponds to your level of agreement from Strongly Disagree to Strongly Agree. Please select only one response for each question. (Team Member = IP licensed providers as faculty and IP health profession students within the clinical setting). - 25. Teams that do not communicate effectively significantly increase their risk of committing errors.","T-TAQ Post TeamSTEPPS Training

Communication 

Instructions: Please respond to the questions below by selecting the bubble that corresponds to your level of agreement from Strongly Disagree to Strongly Agree. Please select only one response for each question. (Team Member = IP licensed providers as faculty and IP health profession students within the clinical setting). - 26. Poor communication is the most common cause of continuity of care for patients.","T-TAQ Post TeamSTEPPS Training

Communication 

Instructions: Please respond to the questions below by selecting the bubble that corresponds to your level of agreement from Strongly Disagree to Strongly Agree. Please select only one response for each question. (Team Member = IP licensed providers as faculty and IP health profession students within the clinical setting). - 27. Adverse events may be reduced by maintaining an information exchange with patients and their families.","T-TAQ Post TeamSTEPPS Training

Communication 

Instructions: Please respond to the questions below by selecting the bubble that corresponds to your level of agreement from Strongly Disagree to Strongly Agree. Please select only one response for each question. (Team Member = IP licensed providers as faculty and IP health profession students within the clinical setting). - 28. I prefer to work with team members who ask questions about information I provide.","T-TAQ Post TeamSTEPPS Training

Communication 

Instructions: Please respond to the questions below by selecting the bubble that corresponds to your level of agreement from Strongly Disagree to Strongly Agree. Please select only one response for each question. (Team Member = IP licensed providers as faculty and IP health profession students within the clinical setting). - 29. It is important to have a standardized method for sharing information when handing off patients.","T-TAQ Post TeamSTEPPS Training

Communication 

Instructions: Please respond to the questions below by selecting the bubble that corresponds to your level of agreement from Strongly Disagree to Strongly Agree. Please select only one response for each question. (Team Member = IP licensed providers as faculty and IP health profession students within the clinical setting). - 30. It is nearly impossible to train team members how to be better communicators.","T-TPQ Post TeamSTEPPS Training

Team Structure

Instructions: Please respond to the questions below by selecting the bubble that corresponds to your level of agreement from Strongly Disagree to Strongly Agree. Please select only one response for each question. (Team Member = Interprofessional (IP) licensed providers as clinical faculty and IP health profession students within the clinical setting). - 1. The skills of team members overlap sufficiently so that work can be shared when necessary.","T-TPQ Post TeamSTEPPS Training

Team Structure

Instructions: Please respond to the questions below by selecting the bubble that corresponds to your level of agreement from Strongly Disagree to Strongly Agree. Please select only one response for each question. (Team Member = Interprofessional (IP) licensed providers as clinical faculty and IP health profession students within the clinical setting). - 2. Team members are held accountable for their actions.","T-TPQ Post TeamSTEPPS Training

Team Structure

Instructions: Please respond to the questions below by selecting the bubble that corresponds to your level of agreement from Strongly Disagree to Strongly Agree. Please select only one response for each question. (Team Member = Interprofessional (IP) licensed providers as clinical faculty and IP health profession students within the clinical setting). - 3. Team members within the clinical setting share information that enables timely decision making by all team members.","T-TPQ Post TeamSTEPPS Training

Team Structure

Instructions: Please respond to the questions below by selecting the bubble that corresponds to your level of agreement from Strongly Disagree to Strongly Agree. Please select only one response for each question. (Team Member = Interprofessional (IP) licensed providers as clinical faculty and IP health profession students within the clinical setting). - 4. Team members make efficient use of resources (e.g., team members, supplies, information)","T-TPQ Post TeamSTEPPS Training

Team Structure

Instructions: Please respond to the questions below by selecting the bubble that corresponds to your level of agreement from Strongly Disagree to Strongly Agree. Please select only one response for each question. (Team Member = Interprofessional (IP) licensed providers as clinical faculty and IP health profession students within the clinical setting). - 5. Team members understand their roles and responsibilities.","T-TPQ Post TeamSTEPPS Training

Team Structure

Instructions: Please respond to the questions below by selecting the bubble that corresponds to your level of agreement from Strongly Disagree to Strongly Agree. Please select only one response for each question. (Team Member = Interprofessional (IP) licensed providers as clinical faculty and IP health profession students within the clinical setting). - 6. Team members within the clinical setting have clear goals.","T-TPQ Post TeamSTEPPS Training

Team Structure

Instructions: Please respond to the questions below by selecting the bubble that corresponds to your level of agreement from Strongly Disagree to Strongly Agree. Please select only one response for each question. (Team Member = Interprofessional (IP) licensed providers as clinical faculty and IP health profession students within the clinical setting). - 7. Team members operate at a high level of efficiency.","T-TPQ Post TeamSTEPPS Training

Leadership

Instructions: Please respond to the questions below by selecting the bubble that corresponds to your level of agreement from Strongly Disagree to Strongly Agree. Please select only one response for each question. (Team Member = IP licensed providers as faculty and IP health profession students within the clinical setting). (Clinical leaders are leaders within your clinical setting such as team leads, IP licensed providers, etc). - 8. The clinical leaders consider other team members input when making decisions about patient/ community cares.","T-TPQ Post TeamSTEPPS Training

Leadership

Instructions: Please respond to the questions below by selecting the bubble that corresponds to your level of agreement from Strongly Disagree to Strongly Agree. Please select only one response for each question. (Team Member = IP licensed providers as faculty and IP health profession students within the clinical setting). (Clinical leaders are leaders within your clinical setting such as team leads, IP licensed providers, etc). - 9. The clinical leaders provide opportunities to discuss the team members performance within the  clinical setting at the end of the day.","T-TPQ Post TeamSTEPPS Training

Leadership

Instructions: Please respond to the questions below by selecting the bubble that corresponds to your level of agreement from Strongly Disagree to Strongly Agree. Please select only one response for each question. (Team Member = IP licensed providers as faculty and IP health profession students within the clinical setting). (Clinical leaders are leaders within your clinical setting such as team leads, IP licensed providers, etc). - 10. The clinical leaders take time to meet with team members to develop plan of care for patient/communities.","T-TPQ Post TeamSTEPPS Training

Leadership

Instructions: Please respond to the questions below by selecting the bubble that corresponds to your level of agreement from Strongly Disagree to Strongly Agree. Please select only one response for each question. (Team Member = IP licensed providers as faculty and IP health profession students within the clinical setting). (Clinical leaders are leaders within your clinical setting such as team leads, IP licensed providers, etc). - 11.  The clinical leaders ensure there are adequate resources available (Team members availability, supplies, equipment).","T-TPQ Post TeamSTEPPS Training

Leadership

Instructions: Please respond to the questions below by selecting the bubble that corresponds to your level of agreement from Strongly Disagree to Strongly Agree. Please select only one response for each question. (Team Member = IP licensed providers as faculty and IP health profession students within the clinical setting). (Clinical leaders are leaders within your clinical setting such as team leads, IP licensed providers, etc). - 12.  The clinical leaders resolve conflicts successfully.","T-TPQ Post TeamSTEPPS Training

Leadership

Instructions: Please respond to the questions below by selecting the bubble that corresponds to your level of agreement from Strongly Disagree to Strongly Agree. Please select only one response for each question. (Team Member = IP licensed providers as faculty and IP health profession students within the clinical setting). (Clinical leaders are leaders within your clinical setting such as team leads, IP licensed providers, etc). - 13.  The clinical leaders model appropriate team behavior.","T-TPQ Post TeamSTEPPS Training

Leadership

Instructions: Please respond to the questions below by selecting the bubble that corresponds to your level of agreement from Strongly Disagree to Strongly Agree. Please select only one response for each question. (Team Member = IP licensed providers as faculty and IP health profession students within the clinical setting). (Clinical leaders are leaders within your clinical setting such as team leads, IP licensed providers, etc). - 14.  The clinical leaders ensure team members are aware of any situations or changes that might affect patient care.","T-TPQ Post TeamSTEPPS Training

Situation Monitoring

Instructions: Please respond to the questions below by selecting the bubble that corresponds to your level of agreement from Strongly Disagree to Strongly Agree. Please select only one response for each question. (Team Member = IP licensed providers as faculty and IP health profession students within the clinical setting). - 15. Team members effectively anticipate each other's needs.","T-TPQ Post TeamSTEPPS Training

Situation Monitoring

Instructions: Please respond to the questions below by selecting the bubble that corresponds to your level of agreement from Strongly Disagree to Strongly Agree. Please select only one response for each question. (Team Member = IP licensed providers as faculty and IP health profession students within the clinical setting). - 16. Team members monitor each other's performance.","T-TPQ Post TeamSTEPPS Training

Situation Monitoring

Instructions: Please respond to the questions below by selecting the bubble that corresponds to your level of agreement from Strongly Disagree to Strongly Agree. Please select only one response for each question. (Team Member = IP licensed providers as faculty and IP health profession students within the clinical setting). - 17. Team members exchange relevant information as it becomes available.","T-TPQ Post TeamSTEPPS Training

Situation Monitoring

Instructions: Please respond to the questions below by selecting the bubble that corresponds to your level of agreement from Strongly Disagree to Strongly Agree. Please select only one response for each question. (Team Member = IP licensed providers as faculty and IP health profession students within the clinical setting). - 18. Team members continuously scan the clinical environment for important information.","T-TPQ Post TeamSTEPPS Training

Situation Monitoring

Instructions: Please respond to the questions below by selecting the bubble that corresponds to your level of agreement from Strongly Disagree to Strongly Agree. Please select only one response for each question. (Team Member = IP licensed providers as faculty and IP health profession students within the clinical setting). - 19. Team members share information regarding potential complications (e.g., patient changes, appointment availability).","T-TPQ Post TeamSTEPPS Training

Situation Monitoring

Instructions: Please respond to the questions below by selecting the bubble that corresponds to your level of agreement from Strongly Disagree to Strongly Agree. Please select only one response for each question. (Team Member = IP licensed providers as faculty and IP health profession students within the clinical setting). - 20. Team members meet to reevaluate patient/community goals when aspects of the situation have changed.","T-TPQ Post TeamSTEPPS Training

Situation Monitoring

Instructions: Please respond to the questions below by selecting the bubble that corresponds to your level of agreement from Strongly Disagree to Strongly Agree. Please select only one response for each question. (Team Member = IP licensed providers as faculty and IP health profession students within the clinical setting). - 21. Team members correct each other’s mistakes to ensure that procedures are followed properly.","T-TPQ Post TeamSTEPPS Training

Mutual Support

Instructions: Please respond to the questions below by selecting the bubble that corresponds to your level of agreement from Strongly Disagree to Strongly Agree. Please select only one response for each question. (Team Member = IP licensed providers as faculty and IP health profession students within the clinical setting). - 22. Team members assist fellow team members during high workload.","T-TPQ Post TeamSTEPPS Training

Mutual Support

Instructions: Please respond to the questions below by selecting the bubble that corresponds to your level of agreement from Strongly Disagree to Strongly Agree. Please select only one response for each question. (Team Member = IP licensed providers as faculty and IP health profession students within the clinical setting). - 23. Team members request assistance from fellow team members when they feel overwhelmed.","T-TPQ Post TeamSTEPPS Training

Mutual Support

Instructions: Please respond to the questions below by selecting the bubble that corresponds to your level of agreement from Strongly Disagree to Strongly Agree. Please select only one response for each question. (Team Member = IP licensed providers as faculty and IP health profession students within the clinical setting). - 24. Team members caution each other about potentially dangerous situations.","T-TPQ Post TeamSTEPPS Training

Mutual Support

Instructions: Please respond to the questions below by selecting the bubble that corresponds to your level of agreement from Strongly Disagree to Strongly Agree. Please select only one response for each question. (Team Member = IP licensed providers as faculty and IP health profession students within the clinical setting). - 25. Feedback between team members is delivered in a way that promotes positive interactions and future change.","T-TPQ Post TeamSTEPPS Training

Mutual Support

Instructions: Please respond to the questions below by selecting the bubble that corresponds to your level of agreement from Strongly Disagree to Strongly Agree. Please select only one response for each question. (Team Member = IP licensed providers as faculty and IP health profession students within the clinical setting). - 26. Team members advocate for patients/community even when their opinion conflicts with that of a team member.","T-TPQ Post TeamSTEPPS Training

Mutual Support

Instructions: Please respond to the questions below by selecting the bubble that corresponds to your level of agreement from Strongly Disagree to Strongly Agree. Please select only one response for each question. (Team Member = IP licensed providers as faculty and IP health profession students within the clinical setting). - 27. When a team member has a concern about patient/community safety, they challenge other team members until they are sure the concern has been heard.","T-TPQ Post TeamSTEPPS Training

Mutual Support

Instructions: Please respond to the questions below by selecting the bubble that corresponds to your level of agreement from Strongly Disagree to Strongly Agree. Please select only one response for each question. (Team Member = IP licensed providers as faculty and IP health profession students within the clinical setting). - 28. Team members resolve their conflicts, even when the conflicts have become personal.","T-TPQ Post TeamSTEPPS Training

Communication 

Instructions: Please respond to the questions below by selecting the bubble that corresponds to your level of agreement from Strongly Disagree to Strongly Agree. Please select only one response for each question. (Team Member = IP licensed providers as faculty and IP health profession students within the clinical setting). - 29. Information regarding patient care is explained to patients and their families in lay terms.","T-TPQ Post TeamSTEPPS Training

Communication 

Instructions: Please respond to the questions below by selecting the bubble that corresponds to your level of agreement from Strongly Disagree to Strongly Agree. Please select only one response for each question. (Team Member = IP licensed providers as faculty and IP health profession students within the clinical setting). - 30.  Team members relay relevant information in a timely manner.","T-TPQ Post TeamSTEPPS Training

Communication 

Instructions: Please respond to the questions below by selecting the bubble that corresponds to your level of agreement from Strongly Disagree to Strongly Agree. Please select only one response for each question. (Team Member = IP licensed providers as faculty and IP health profession students within the clinical setting). - 31. When communicating with patients, team members allow enough time for questions.","T-TPQ Post TeamSTEPPS Training

Communication 

Instructions: Please respond to the questions below by selecting the bubble that corresponds to your level of agreement from Strongly Disagree to Strongly Agree. Please select only one response for each question. (Team Member = IP licensed providers as faculty and IP health profession students within the clinical setting). - 32. Team members use common terminology when communicating with each other.","T-TPQ Post TeamSTEPPS Training

Communication 

Instructions: Please respond to the questions below by selecting the bubble that corresponds to your level of agreement from Strongly Disagree to Strongly Agree. Please select only one response for each question. (Team Member = IP licensed providers as faculty and IP health profession students within the clinical setting). - 33. Team members verbally verify information that they receive from one another.","T-TPQ Post TeamSTEPPS Training

Communication 

Instructions: Please respond to the questions below by selecting the bubble that corresponds to your level of agreement from Strongly Disagree to Strongly Agree. Please select only one response for each question. (Team Member = IP licensed providers as faculty and IP health profession students within the clinical setting). - 34. Team members follow a standardized method of sharing information when handing off patients.","T-TPQ Post TeamSTEPPS Training

Communication 

Instructions: Please respond to the questions below by selecting the bubble that corresponds to your level of agreement from Strongly Disagree to Strongly Agree. Please select only one response for each question. (Team Member = IP licensed providers as faculty and IP health profession students within the clinical setting). - 35. Team members seek information from all available sources."
"{""ImportId"":""startDate"",""timeZone"":""America/Denver""}","{""ImportId"":""endDate"",""timeZone"":""America/Denver""}","{""ImportId"":""status""}","{""ImportId"":""ipAddress""}","{""ImportId"":""progress""}","{""ImportId"":""duration""}","{""ImportId"":""finished""}","{""ImportId"":""recordedDate"",""timeZone"":""America/Denver""}","{""ImportId"":""_recordId""}","{""ImportId"":""recipientLastName""}","{""ImportId"":""recipientFirstName""}","{""ImportId"":""recipientEmail""}","{""ImportId"":""externalDataReference""}","{""ImportId"":""locationLatitude""}","{""ImportId"":""locationLongitude""}","{""ImportId"":""distributionChannel""}","{""ImportId"":""userLanguage""}","{""ImportId"":""QID8_TEXT""}","{""ImportId"":""QID9_TEXT""}","{""ImportId"":""QID10_TEXT""}","{""ImportId"":""QID11_TEXT""}","{""ImportId"":""QID2_TEXT""}","{""ImportId"":""QID3_TEXT""}","{""ImportId"":""QID4_TEXT""}","{""ImportId"":""QID5_TEXT""}","{""ImportId"":""QID6_TEXT""}","{""ImportId"":""QID7_TEXT""}","{""ImportId"":""QID12_1""}","{""ImportId"":""QID12_2""}","{""ImportId"":""QID12_3""}","{""ImportId"":""QID12_4""}","{""ImportId"":""QID12_5""}","{""ImportId"":""QID13_1""}","{""ImportId"":""QID13_2""}","{""ImportId"":""QID13_3""}","{""ImportId"":""QID13_4""}","{""ImportId"":""QID13_5""}","{""ImportId"":""QID13_6""}","{""ImportId"":""QID14_1""}","{""ImportId"":""QID14_2""}","{""ImportId"":""QID14_3""}","{""ImportId"":""QID14_4""}","{""ImportId"":""QID14_5""}","{""ImportId"":""QID14_6""}","{""ImportId"":""QID15_1""}","{""ImportId"":""QID15_2""}","{""ImportId"":""QID15_3""}","{""ImportId"":""QID15_4""}","{""ImportId"":""QID15_5""}","{""ImportId"":""QID15_6""}","{""ImportId"":""QID16_1""}","{""ImportId"":""QID16_2""}","{""ImportId"":""QID16_3""}","{""ImportId"":""QID16_4""}","{""ImportId"":""QID16_5""}","{""ImportId"":""QID16_6""}","{""ImportId"":""QID17_1""}","{""ImportId"":""QID17_2""}","{""ImportId"":""QID17_3""}","{""ImportId"":""QID17_4""}","{""ImportId"":""QID17_5""}","{""ImportId"":""QID17_6""}","{""ImportId"":""QID17_7""}","{""ImportId"":""QID18_1""}","{""ImportId"":""QID18_2""}","{""ImportId"":""QID18_3""}","{""ImportId"":""QID18_4""}","{""ImportId"":""QID18_5""}","{""ImportId"":""QID18_6""}","{""ImportId"":""QID18_7""}","{""ImportId"":""QID19_1""}","{""ImportId"":""QID19_2""}","{""ImportId"":""QID19_3""}","{""ImportId"":""QID19_4""}","{""ImportId"":""QID19_5""}","{""ImportId"":""QID19_6""}","{""ImportId"":""QID19_7""}","{""ImportId"":""QID20_1""}","{""ImportId"":""QID20_2""}","{""ImportId"":""QID20_3""}","{""ImportId"":""QID20_4""}","{""ImportId"":""QID20_5""}","{""ImportId"":""QID20_6""}","{""ImportId"":""QID20_7""}","{""ImportId"":""QID21_1""}","{""ImportId"":""QID21_2""}","{""ImportId"":""QID21_3""}","{""ImportId"":""QID21_4""}","{""ImportId"":""QID21_5""}","{""ImportId"":""QID21_6""}","{""ImportId"":""QID21_7""}"
9/12/22 8:48,9/12/22 8:48,Survey Preview,*******,100,16,TRUE,9/12/22 8:48,R_r1mmx3SHARqyp2N,*******,*******,*******,*******,*******,*******,preview,EN,,,,,,,,,,,,,,,,,,,,,,,,,,,,,,,,,,,,,,,,,,,,,,,,,,,,,,,,,,,,,,,,,,,,,,,,,,
9/12/22 8:55,9/12/22 9:01,IP Address,*******,100,359,TRUE,9/12/22 9:01,R_2y48Uu3QvfGtaj7,*******,*******,*******,*******,*******,*******,anonymous,EN,,,,,,,,,,,,,,,,,,,,,,,,,,,,,,,,,,,,,,,,,,,,,,,,,,,,,,,,,,,,,,,,,,,,,,,,,,
9/15/22 8:14,9/15/22 8:45,IP Address,*******,100,1884,TRUE,9/15/22 8:45,R_3iwBW9HN8eb36zb,*******,*******,*******,*******,*******,*******,anonymous,EN,6,28,7,6287,I did not attend Bridges but have been able to reference this in my work in an effort to enhance communication.,I did not attend Bridges but have utilized some of these techniques in practice.,NA,This has helped me in my practice to ensure I have the right team members taking on the right work and to guide that conversation.,NA,None,Agree,Strongly Agree,Agree,Agree,Agree,Agree,Strongly Agree,Strongly Agree,Strongly Agree,Strongly Agree,Strongly Agree,Strongly Agree,Strongly Agree,Strongly Agree,Strongly Agree,Strongly Agree,Strongly Agree,Agree,Agree,Agree,Agree,Strongly Agree,Strongly Disagree,Strongly Agree,Disagree,Strongly Agree,Neutral,Strongly Agree,Strongly Disagree,Agree,Agree,Agree,Agree,Agree,Strongly Agree,Strongly Agree,Strongly Agree,Strongly Agree,Strongly Agree,Strongly Agree,Strongly Agree,Strongly Agree,Strongly Agree,Strongly Agree,Strongly Agree,Strongly Agree,Strongly Agree,Strongly Agree,Strongly Agree,Strongly Agree,Strongly Agree,Strongly Agree,Strongly Agree,Strongly Agree,Strongly Agree,Strongly Agree,Strongly Agree,Strongly Agree,Strongly Agree,Strongly Agree,Strongly Agree,Strongly Agree,Strongly Agree,Strongly Agree
9/15/22 10:17,9/15/22 10:25,IP Address,*******,100,475,TRUE,9/15/22 10:25,R_31YrgXvgSdBg9Rq,*******,*******,*******,*******,*******,*******,anonymous,EN,0,25,4,254,NA,NA,NA,NA,NA,I am not involved with Bridges on a weekly basis or on-site,Strongly Agree,Strongly Agree,Strongly Agree,Strongly Agree,Strongly Agree,Strongly Agree,Strongly Agree,Strongly Agree,Strongly Agree,Strongly Agree,Strongly Agree,Strongly Agree,Strongly Agree,Strongly Agree,Strongly Agree,Strongly Agree,Strongly Agree,Strongly Agree,Strongly Disagree,Strongly Disagree,Strongly Agree,Strongly Agree,Strongly Disagree,Strongly Agree,Strongly Agree,Strongly Agree,Strongly Agree,Strongly Agree,Strongly Disagree,Strongly Agree,Strongly Agree,Strongly Agree,Strongly Agree,Strongly Agree,Strongly Agree,Strongly Agree,Strongly Agree,Strongly Agree,Strongly Agree,Strongly Agree,Strongly Agree,Strongly Agree,Strongly Agree,Strongly Agree,Agree,Strongly Agree,Strongly Agree,Strongly Agree,Strongly Agree,Agree,Strongly Agree,Strongly Agree,Strongly Agree,Strongly Agree,Strongly Agree,Strongly Agree,Strongly Agree,Strongly Agree,Strongly Agree,Strongly Agree,Strongly Agree,Strongly Agree,Strongly Agree,Strongly Agree
9/16/22 7:59,9/16/22 8:29,IP Address,*******,100,1820,TRUE,9/16/22 8:29,R_12yeLiriMgONBN4,*******,*******,*******,*******,*******,*******,anonymous,EN,0,30,2,0302,This enables participants to think about how to work in a interprofessional team with people they may not have encountered before or where they haven't had to think about how to interact or have the same collaborative goals.,These are great tools for the professional toolbox to draw on when a situation arises that participants may not have had before in such a structured way. I think it will lead to increased confidence and enable the person to feel supported.,I think it has the potential to enable partnerships I still feel the patient and family are somewhat missing.,Not involved with Bridges so unable to comment,Not involved with Bridges so unable to comment,I think team stepps offers an approach to enable students to work within a framework to develop their novice skills in team and interprofessional working. ,Strongly Agree,Strongly Agree,Agree,Agree,Agree,Strongly Agree,Strongly Agree,Strongly Agree,Strongly Agree,Strongly Agree,Strongly Agree,Agree,Strongly Agree,Agree,Strongly Agree,Agree,Strongly Agree,Strongly Agree,Disagree,Disagree,Agree,Strongly Agree,Disagree,Strongly Agree,Strongly Agree,Strongly Agree,Agree,Strongly Agree,Disagree,Agree,Agree,Agree,Agree,Agree,Agree,Agree,Neutral,Neutral,Agree,Agree,Neutral,Agree,Strongly Agree,Agree,Neutral,Agree,Agree,Agree,Neutral,Agree,Agree,Agree,Agree,Agree,Neutral,Neutral,Neutral,Agree,Agree,Neutral,Agree,Agree,Agree,Agree
9/16/22 8:33,9/16/22 8:58,IP Address,*******,100,1459,TRUE,9/16/22 8:58,R_21iD86tssSAyEpW,*******,*******,*******,*******,*******,*******,anonymous,EN,1,30,1,1301,I think using TeamSTEPPS was valuable for the community setting especially when new initiatives in community clinicals are implemented. ,We used the TeamSTEPPS app especially the checklist when the clinical day was over to debrief. Everyone was super tired and having a structured way to complete the day was helpful.,Just knowing the TeamSTEPPS process helped people cultivate cohesiveness and communication about the various Bridges providers.,We made sure everyone's roles were very clear because there were a lot of moving parts with a new clinical site with new providers.,I've seen them use check backs to verify information. ,"I think this is an important initiative and a great DNP project. Like all research, however, participation is voluntary and there was pressure to participate even though participation was voluntary per the informed consent. I think communication methods to potential study participants should be re-evaluated for future projects. ",Strongly Agree,Strongly Agree,Strongly Agree,Strongly Agree,Strongly Agree,Strongly Agree,Strongly Agree,Strongly Agree,Strongly Agree,Strongly Agree,Strongly Agree,Strongly Agree,Strongly Agree,Strongly Agree,Strongly Agree,Strongly Agree,Strongly Agree,Strongly Agree,Strongly Disagree,Strongly Disagree,Strongly Agree,Strongly Agree,Strongly Agree,Strongly Agree,Strongly Agree,Strongly Agree,Strongly Agree,Strongly Agree,Strongly Agree,Agree,Strongly Agree,Strongly Agree,Strongly Agree,Strongly Agree,Strongly Agree,Strongly Agree,Strongly Agree,Strongly Agree,Strongly Agree,Strongly Agree,Strongly Agree,Strongly Agree,Strongly Agree,Strongly Agree,Strongly Agree,Strongly Agree,Strongly Agree,Strongly Agree,Strongly Agree,Strongly Agree,Strongly Agree,Strongly Agree,Strongly Agree,Strongly Agree,Strongly Agree,Strongly Agree,Strongly Agree,Strongly Agree,Strongly Agree,Strongly Agree,Strongly Agree,Strongly Agree,Strongly Agree,Strongly Agree
9/16/22 8:00,9/16/22 9:34,IP Address,*******,100,5688,TRUE,9/16/22 9:34,R_1gORR2WTcOvWDKw,*******,*******,*******,*******,*******,*******,anonymous,EN,2,41,0,2410,N/A,N/A,N/A,I feel like looking at how i'm communicating has improved how I use communication with my team mates.,N/A,This was a nice project... Informed me regarding how to work with students regarding clear communication and the TEAMSTEPPS approach. ,Strongly Agree,Strongly Agree,Agree,Agree,Strongly Agree,Strongly Agree,Agree,Strongly Agree,Neutral,Agree,Agree,Strongly Agree,Agree,Agree,Strongly Agree,Strongly Agree,Strongly Agree,Strongly Agree,Strongly Disagree,Strongly Disagree,Strongly Agree,Strongly Agree,Disagree,Agree,Disagree,Agree,,Strongly Agree,Strongly Disagree,Agree,Neutral,Agree,Agree,Agree,Agree,Agree,Agree,Agree,Agree,Agree,Agree,Agree,Agree,Agree,Agree,Agree,Agree,Agree,Agree,Agree,Agree,Agree,Agree,Agree,Agree,Agree,Agree,Agree,Agree,Agree,Agree,Agree,Agree,Agree
9/16/22 9:32,9/16/22 9:42,IP Address,*******,100,575,TRUE,9/16/22 9:42,R_55UXuJBxEDzJ7ZT,*******,*******,*******,*******,*******,*******,anonymous,EN,2,47,4,2474,The principles will help my ability to collaborate with faculty to provide a better student and patient experience.,I'll use these as resources upon returning from sabbatical.,Not sure yet...I'm not at a Bridges site right now due to sabbatical.,Not sure yet...I'm not at a Bridges site right now due to sabbatical.,No. I'm not at a Bridges site right now due to sabbatical.,,Strongly Agree,Strongly Agree,Agree,Disagree,Agree,Agree,Agree,Agree,Agree,Agree,Agree,Agree,Agree,Agree,Agree,Agree,Agree,Strongly Agree,Strongly Agree,Disagree,Agree,Strongly Agree,Disagree,Strongly Agree,Disagree,Agree,Agree,Agree,Disagree,Agree,Neutral,Agree,Strongly Agree,Agree,Agree,Agree,Agree,Strongly Agree,Agree,Strongly Agree,Strongly Agree,Strongly Agree,Strongly Agree,Neutral,Agree,Agree,Agree,Strongly Agree,Agree,Agree,Strongly Agree,Agree,Agree,Strongly Agree,Agree,Neutral,Agree,Strongly Agree,Strongly Agree,Agree,Agree,Agree,Agree,Agree
9/16/22 9:36,9/16/22 9:45,IP Address,*******,100,522,TRUE,9/16/22 9:45,R_1hybQknMaRS2v53,*******,*******,*******,*******,*******,*******,anonymous,EN,2,53,6,2536,The communication was good.  It was easy to follow,I think these are good.  The tools and strategies are very up to date which is what team members are looking for.,This really isn't applicable to me since I don't work directly there.,I feel for Winchester Wellness this will be very relevant for students and faculty to go through when starting the program.,N/A,N/A,Strongly Agree,Strongly Agree,Strongly Agree,Strongly Agree,Strongly Agree,Strongly Agree,Strongly Agree,Strongly Agree,Strongly Agree,Strongly Agree,Strongly Agree,Strongly Agree,Strongly Agree,Strongly Agree,Strongly Agree,Strongly Agree,Strongly Agree,Strongly Agree,Strongly Disagree,Strongly Disagree,Strongly Agree,Strongly Agree,Strongly Disagree,Strongly Agree,Disagree,Strongly Agree,Strongly Agree,Strongly Agree,Strongly Disagree,Strongly Agree,Strongly Agree,Strongly Agree,Strongly Agree,Strongly Agree,Strongly Agree,Strongly Agree,Strongly Agree,Strongly Agree,Strongly Agree,Strongly Agree,Strongly Agree,Strongly Agree,Strongly Agree,Strongly Agree,Strongly Agree,Strongly Agree,Strongly Agree,Strongly Agree,Strongly Agree,Strongly Agree,Strongly Agree,Strongly Agree,Strongly Agree,Strongly Agree,Strongly Agree,Agree,Agree,Strongly Agree,Strongly Agree,Strongly Agree,Strongly Agree,Strongly Agree,Strongly Agree,Strongly Agree
9/16/22 13:50,9/16/22 14:02,IP Address,*******,100,748,TRUE,9/16/22 14:02,R_12L3wuJhQRJv3dQ,*******,*******,*******,*******,*******,*******,anonymous,EN,3,45,8,3458,It improved communication between in an  inter professional aspect.   ,SBAR improved communication between students and faculty,Improved communication,SBAR,Yes… some of them,,Strongly Agree,Strongly Agree,Agree,Agree,Agree,Strongly Agree,Strongly Agree,Strongly Agree,Strongly Agree,Agree,Strongly Agree,Agree,Agree,Agree,Strongly Agree,Agree,Strongly Agree,Strongly Agree,Disagree,Disagree,Strongly Agree,Agree,Disagree,Agree,Agree,Agree,Neutral,Strongly Agree,Disagree,Disagree,Agree,Agree,Agree,Disagree,Neutral,Strongly Agree,Agree,Agree,Strongly Agree,Agree,Agree,Strongly Agree,Agree,Agree,Agree,Agree,Agree,Strongly Agree,Strongly Agree,Neutral,Agree,Agree,Neutral,Strongly Agree,Agree,Neutral,Neutral,Strongly Agree,Strongly Agree,Strongly Agree,Agree,Agree,Disagree,Agree
9/18/22 20:03,9/18/22 20:23,IP Address,*******,100,1223,TRUE,9/18/22 20:23,R_3egYmLeI6biErxn,*******,*******,*******,*******,*******,*******,anonymous,EN,0,6,1,0061,TeamSTEPPS has helped me to become a better leader by giving our team at bridges more structure. We are able to focus on continuous improvements at our daily briefs and de-briefs. We also function better as a team because of these steps. ,These resources have been very helpful. Our team does our daily pre-briefs brief and debriefs which gives us that daily structure.   The pocket guide is also really helpful to not have to memorize all of the terms and questions. ,"It has helped a lot with team cohesiveness. I feel like we are all on the same page as to the plan for the day, what are roles are and how we can improve. ",At our de-brief after the first week our team noticed that some of the stations were taking a lot longer then 1 hour. We were able to work together to come up  with ways to save time. The next week our stations ran much smoother and almost all stations were done before the hour was up. ,"They have been offering suggestions during the briefs, communicating needs effectively and made improvements on their SBARs.  They have all been working  together really well as a team and offer shout outs during the de-brief. ",TeamSTEPPS is a really helpful program and has really improved the function and cohesiveness of our team at Bridges! Thank you for all the work you put into your project! ,Strongly Agree,Strongly Agree,Agree,Strongly Agree,Strongly Agree,Strongly Agree,Strongly Agree,Strongly Agree,Strongly Agree,Strongly Agree,Strongly Agree,Strongly Agree,Strongly Agree,Strongly Agree,Strongly Agree,Strongly Agree,Strongly Agree,Strongly Agree,Disagree,Strongly Disagree,Strongly Agree,Strongly Agree,Strongly Disagree,Strongly Agree,Agree,Strongly Agree,Strongly Agree,Strongly Agree,Strongly Disagree,Strongly Agree,Strongly Agree,Strongly Agree,Strongly Agree,Strongly Agree,Strongly Agree,Strongly Agree,Strongly Agree,Strongly Agree,Strongly Agree,Strongly Agree,Strongly Agree,Strongly Agree,Strongly Agree,Strongly Agree,Strongly Agree,Strongly Agree,Strongly Agree,Strongly Agree,Strongly Agree,Strongly Agree,Strongly Agree,Strongly Agree,Strongly Agree,Strongly Agree,Strongly Agree,Strongly Agree,Strongly Agree,Strongly Agree,Strongly Agree,Strongly Agree,Strongly Agree,Strongly Agree,Strongly Agree,Strongly Agree
9/18/22 20:46,9/18/22 20:57,IP Address,*******,100,656,TRUE,9/18/22 20:57,R_21zYRT4U9Onhlr6,*******,*******,*******,*******,*******,*******,anonymous,EN,2,41,0,2410,These principles have made me be more deliberate and intentional about formal communication strategies. It has given our team a set of common skills and communication. I feel it has formalized how we communicate. ,I really appreciate guiding students to use these resources and strategies. Having formal resources and tools to refer students to is extremely helpful,"It has provided a common language; I do not know if it has created or cultivated a cohesiveness - yet. Perhaps over time and champions continuing to bring TeamSTEPPS into the culture of the team, this will happen. I do think it has the ability to profoundly cultivate team cohesiveness with student teams very quickly. ",The addition of the mid-brief provides another formal check-in and communication pathway for teams. ,Mostly in prebriefs and debriefs. ,Thank you for your work. I would love to see you continue cultivating this work at Bridges. It has much potential and this feels like only the start to how TeamSTEPPS can improve teamwork and communication at Bridges. ,Strongly Agree,Strongly Agree,Strongly Agree,Strongly Agree,Strongly Agree,Strongly Agree,Strongly Agree,Strongly Agree,Strongly Agree,Strongly Agree,Strongly Agree,Strongly Agree,Strongly Agree,Strongly Agree,Strongly Agree,Strongly Agree,Strongly Agree,Strongly Agree,Strongly Agree,Strongly Agree,Strongly Agree,Strongly Agree,Strongly Agree,Strongly Agree,Strongly Agree,Strongly Agree,Strongly Agree,Strongly Agree,Strongly Disagree,Strongly Agree,Disagree,Strongly Agree,Agree,Agree,Agree,Agree,Agree,Agree,Agree,Agree,Agree,Agree,Agree,Agree,Agree,Agree,Agree,Agree,Agree,Agree,Agree,Agree,Agree,Agree,Agree,Agree,Disagree,Agree,Agree,Agree,Disagree,Neutral,Strongly Agree,Agree
9/18/22 19:22,9/18/22 20:58,IP Address,*******,100,5771,TRUE,9/18/22 20:58,R_3QPHCcFzz7CmghZ,*******,*******,*******,*******,*******,*******,anonymous,EN,3,50,6,3506,"I haven't yet had much experience at Bridges this semester. However, I fee as though the TeamSTEPPS principles have helped give me structure in terms of my thinking in leading others, and given me good tools for communicating with the nursing students. ","I think the TeamSTEPPS resources and tools have helped make more formal and professional the process of briefs. It gives everyone more structure during the day, and has helped me feel like a more competent leader.","I think it definitely has developed cohesiveness among the participants. It helps us particularly in settings where there is more than one Team Lead in the setting depending on the week, and gives everyone a sense of dependency and normalcy when they present for their clinical day. ","I think the use of check backs, or closed loop communication is the most useful tool when functioning as a leader. It ensures that the person receiving the message is understanding the correct meaning, and then can execute the duty properly and without delay. That is very helpful in quality patient care. ","I see them trying to utilize the strategies, including their SBARs which currently have room for improvement but it is early in the semester. ",None at this time.,Strongly Agree,Strongly Agree,Strongly Agree,Strongly Agree,Strongly Agree,Strongly Agree,Strongly Agree,Strongly Agree,Strongly Agree,Strongly Agree,Strongly Agree,Strongly Agree,Strongly Agree,Strongly Agree,Strongly Agree,Strongly Agree,Strongly Agree,Strongly Agree,Strongly Disagree,Strongly Disagree,Strongly Agree,Strongly Agree,Disagree,Strongly Agree,Strongly Agree,Strongly Agree,Strongly Agree,Strongly Agree,Strongly Disagree,Strongly Agree,Strongly Agree,Strongly Agree,Strongly Agree,Strongly Agree,Strongly Agree,Strongly Agree,Strongly Agree,Strongly Agree,Strongly Agree,Strongly Agree,Strongly Agree,Strongly Agree,Strongly Agree,Strongly Agree,Strongly Agree,Strongly Agree,Strongly Agree,Strongly Agree,Strongly Agree,Strongly Agree,Strongly Agree,Strongly Agree,Strongly Agree,Strongly Agree,Strongly Agree,Strongly Agree,Strongly Agree,Strongly Agree,Strongly Agree,Strongly Agree,Strongly Agree,Strongly Agree,Strongly Agree,Strongly Agree
9/16/22 8:52,9/19/22 8:58,IP Address,*******,100,259569,TRUE,9/19/22 8:58,R_3r0REjfIzyO4Qzz,*******,*******,*******,*******,*******,*******,anonymous,EN,0,97,5,0975,I have more of an open mind about what leadership can look like and how teamwork and support can impact leadership.,I have more tools to use as resources in my practice.  It has also made it easier for me to step back and allow the students to lead.,I feel a disconnection between groups.  Each group is different so I think this is important to understand. Not every group needs to do things the same.  We need to continue to empower the students about what they want to do in their groups and give them the freedom to provide input and make these changes.  I understand not all groups will provide care in the same way and that is OK. ,It has empowered leaders to make independent decisions in the moment to solve problems and provide high-quality care.,Through leading the teams on sites.  Thorough shared decision making.  Thorough planning and quality improvement initiatives.,,Strongly Agree,Strongly Agree,Strongly Agree,Strongly Agree,Strongly Agree,Strongly Agree,Strongly Agree,Strongly Agree,Strongly Agree,Strongly Agree,Strongly Agree,Strongly Agree,Strongly Agree,Strongly Agree,Strongly Agree,Strongly Agree,Strongly Agree,Strongly Agree,Strongly Disagree,Strongly Disagree,Strongly Agree,Strongly Agree,Strongly Disagree,Strongly Agree,Strongly Agree,Strongly Agree,Strongly Agree,Strongly Agree,Strongly Disagree,Agree,Neutral,Agree,Neutral,Agree,Agree,Neutral,Agree,Strongly Agree,Agree,Agree,Agree,Agree,Agree,Disagree,Neutral,Agree,Agree,Agree,Agree,Agree,Strongly Agree,Neutral,Strongly Agree,Neutral,Agree,Agree,Neutral,Agree,Agree,Agree,Agree,Neutral,Disagree,Disagree
9/19/22 8:53,9/19/22 9:09,IP Address,*******,100,941,TRUE,9/19/22 9:09,R_1CHgPHmNb4sFBiM,*******,*******,*******,*******,*******,*******,anonymous,EN,5,50,2,5502,"Honestly these were great reminders for how we should think, react, behave and teach our students how to be good communicators and leaders!","These were so helpful to our Team Leads as they were learning about how to run prebrief, midbrief and debrief. ","I think that by implementing TeamSTEPPS it has enhanced our communication and feel more like a ""well oiled machine"". I don't feel any voices of contention and really feel like our team works well together.   ","I think the biggest example is being able to communicate well as a team, ensure that we are able to quickly change something within our team that isn't working. We also ensure that all voices are heard and that our patients have good quality care when they are with us. We were able to quickly improve because of our conversations within our 3 briefs throughout the day.","The students use these strategies through rapid quality improvement, communication among team members, and writing their SBAR.","I am hopeful we will continue to always integrate the TeamSTEPPS approaches in everything we do with Bridges Health. I would also add that ALL faculty and students should be implementing TeamSTEPPS in everything they do to help ensure that we have environments of positivity and growth. Thank you so much for ensuring that we know what this is and how to utilize it appropriately. Are there advanced TeamSTEPPS training? If so, sign me up!",Strongly Agree,Strongly Agree,Strongly Agree,Strongly Agree,Strongly Agree,Strongly Agree,Strongly Agree,Strongly Agree,Strongly Agree,Strongly Agree,Strongly Agree,Strongly Agree,Strongly Agree,Strongly Agree,Strongly Agree,Strongly Agree,Strongly Agree,Strongly Agree,Strongly Disagree,Strongly Disagree,Strongly Agree,Strongly Agree,Strongly Disagree,Strongly Agree,Strongly Agree,Strongly Agree,Strongly Agree,Strongly Agree,Strongly Disagree,Strongly Agree,Strongly Agree,Strongly Agree,Strongly Agree,Strongly Agree,Strongly Agree,Strongly Agree,Strongly Agree,Strongly Agree,Strongly Agree,Strongly Agree,Strongly Agree,Strongly Agree,Strongly Agree,Strongly Agree,Strongly Agree,Strongly Agree,Strongly Agree,Strongly Agree,Strongly Agree,Strongly Agree,Strongly Agree,Strongly Agree,Strongly Agree,Strongly Agree,Strongly Agree,Strongly Agree,Strongly Agree,Strongly Agree,Strongly Agree,Strongly Agree,Strongly Agree,Strongly Agree,Strongly Agree,Strongly Agree
9/19/22 8:31,9/19/22 9:11,IP Address,*******,100,2399,TRUE,9/19/22 9:11,R_Q4UQocpnIsvQg81,*******,*******,*******,*******,*******,*******,anonymous,EN,6,77,5,6775,TeamSTEPPS provided structured communication during the clinical day. ,"We used the TeamsSTEPPS check list at pre, mid and post, great to have a resource to reference. ",,Fostered team work and communication throughout the day. ,We have only had one clinical day utilizing the resources. Will continue to encourage use throughout the semester. ,,Strongly Agree,Strongly Agree,Strongly Agree,Strongly Agree,Strongly Agree,Strongly Agree,Strongly Agree,Strongly Agree,Strongly Agree,Strongly Agree,Strongly Agree,Strongly Agree,Strongly Agree,Strongly Agree,Strongly Agree,Strongly Agree,Strongly Agree,Strongly Agree,Strongly Agree,Strongly Agree,Strongly Agree,Strongly Agree,Strongly Agree,Strongly Agree,Strongly Agree,Strongly Agree,Strongly Agree,Strongly Agree,Strongly Agree,Strongly Agree,Strongly Agree,Strongly Agree,Strongly Agree,Strongly Agree,Strongly Agree,Strongly Agree,Strongly Agree,Strongly Agree,Strongly Agree,Strongly Agree,Strongly Agree,Strongly Agree,Strongly Agree,Strongly Agree,Strongly Agree,Strongly Agree,Strongly Agree,Strongly Agree,Strongly Agree,Strongly Agree,Strongly Agree,Strongly Agree,Strongly Agree,Strongly Agree,Strongly Agree,Strongly Agree,Strongly Agree,Strongly Agree,Strongly Agree,Agree,Agree,Strongly Agree,Strongly Agree,Strongly Agree
9/19/22 8:17,9/19/22 10:39,IP Address,*******,100,8513,TRUE,9/19/22 10:39,R_r101GtBkx5Whx5f,*******,*******,*******,*******,*******,*******,anonymous,EN,2,1,1,2011,"This has allowed clear, communicated expectations and goals throughout all areas.  It has offered clear understanding and mutual respect across all sites.  This enhances respect amongst TEAM leads which role-models to students.",It was quite impactful because it offered quick checks to ensure we are following the necessary components of best practice. ,"I feel that it has cultivated team cohesiveness because we can all remind eachother about the training and, the expected impacts and outcomes thus, creating cohesiveness amonst one another.",Offering guidance on feedback through communication using the guiding principles of teamstepps.,Students are able to role-model effective leadership throughout our sites ultimately improving the working within the site.,Thank you for this timely project.,Strongly Agree,Strongly Agree,Strongly Agree,Strongly Agree,Strongly Agree,Strongly Agree,Strongly Agree,Strongly Agree,Strongly Agree,Strongly Agree,Strongly Agree,Strongly Agree,Strongly Agree,Strongly Agree,Strongly Agree,Strongly Agree,Strongly Agree,Strongly Agree,Strongly Agree,Strongly Agree,Strongly Agree,Strongly Agree,Strongly Agree,Strongly Agree,Strongly Agree,Strongly Agree,Strongly Agree,Strongly Agree,Strongly Agree,Strongly Agree,Strongly Agree,Strongly Agree,Strongly Agree,Strongly Agree,Strongly Agree,Strongly Agree,Strongly Agree,Strongly Agree,Strongly Agree,Strongly Agree,Strongly Agree,Strongly Agree,Strongly Agree,Strongly Agree,Strongly Agree,Strongly Agree,Strongly Agree,Strongly Agree,Strongly Agree,Strongly Agree,Strongly Agree,Strongly Agree,Strongly Agree,Strongly Agree,Strongly Agree,Strongly Agree,Strongly Agree,Strongly Agree,Strongly Agree,Strongly Agree,Strongly Agree,Strongly Agree,Strongly Agree,Strongly Agree
9/19/22 11:15,9/19/22 12:17,IP Address,*******,100,3700,TRUE,9/19/22 12:17,R_2f7O1qk19cjo8rf,*******,*******,*******,*******,*******,*******,anonymous,EN,5,30,0,5300,"The TEAMSTEPPS training did not impact my perceptions, attitudes, or practice at Bridges. I already believed in and practiced the principles of the training based on my experience working in healthcare. ",I am using some of these things more consciously and overtly since doing the training.  ,I am not sure of the role TEAMSTEPPS has played in team cohesiveness. ,"So far this semester, students are being challenged around documenting (SBAR) the holistic patient and including the aspects of their biopsychosocial assessment. The students from different disciplines appear to work well together. However, their documentation often reflects only the perceived ""nursing"" information. ",The students appreciate the briefs usually. They are really being challenged on using the SBAR in documentation. ,,Strongly Agree,Strongly Agree,Agree,Strongly Agree,Strongly Agree,Strongly Agree,Agree,Strongly Agree,Strongly Agree,Agree,Strongly Agree,Strongly Agree,Strongly Agree,Strongly Agree,Strongly Agree,Strongly Agree,Strongly Agree,Agree,Strongly Disagree,Strongly Disagree,Strongly Agree,Agree,Strongly Disagree,Strongly Agree,Agree,Strongly Agree,Strongly Agree,Strongly Agree,Strongly Disagree,Agree,Strongly Agree,Strongly Agree,Strongly Agree,Strongly Agree,Strongly Agree,Strongly Agree,Strongly Agree,Agree,Agree,Strongly Agree,Strongly Agree,Strongly Agree,Strongly Agree,Strongly Agree,Agree,Strongly Agree,Strongly Agree,Strongly Agree,Strongly Agree,Agree,Strongly Agree,Strongly Agree,Strongly Agree,Strongly Agree,Strongly Agree,Strongly Agree,Strongly Agree,Strongly Agree,Strongly Agree,Strongly Agree,Strongly Agree,Strongly Agree,Strongly Agree,Strongly Agree
9/12/22 8:55,9/12/22 17:07,IP Address,*******,50,29544,FALSE,9/19/22 17:07,R_2R9ulDMg8ew5nkJ,*******,*******,*******,*******,*******,*******,anonymous,EN,,,,,,,,,,,,,,,,,,,,,,,,,,,,,,,,,,,,,,,,,,,,,,,,,,,,,,,,,,,,,,,,,,,,,,,,,,
9/20/22 9:48,9/20/22 10:01,IP Address,*******,100,836,TRUE,9/20/22 10:01,R_1esG5nUzF8rtWUu,*******,*******,*******,*******,*******,*******,anonymous,EN,5,43,7,5437,It deepens my understanding on the importance of effective communication in the team collaboration. ,It allows me communicating with my team members effectively and efficiently. ,"The TeamSTEPPS method has cultivated team cohesiveness, because team members work together with mutual support. ",One example is about conflict resolution. Team members were able to utilize TeamSTEPPS teamwork principles to resolve the issues at workplace and to provide feedback on the assigned responsibilities. ,"Several tools have been utilized frequently, such as debriefs, huddles, SBAR etc. ",I recommend this training to all the graduate nursing students. ,Strongly Agree,Strongly Agree,Strongly Agree,Strongly Agree,Strongly Agree,Strongly Agree,Strongly Agree,Strongly Agree,Strongly Agree,Strongly Agree,Strongly Agree,Strongly Agree,Strongly Agree,Strongly Agree,Strongly Agree,Strongly Agree,Strongly Agree,Strongly Agree,Strongly Agree,Strongly Agree,Strongly Agree,Strongly Agree,Strongly Agree,Strongly Agree,Strongly Agree,Strongly Agree,Strongly Agree,Strongly Agree,Strongly Agree,Strongly Agree,Strongly Agree,Strongly Agree,Strongly Agree,Strongly Agree,Strongly Agree,Strongly Agree,Strongly Agree,Strongly Agree,Strongly Agree,Strongly Agree,Strongly Agree,Strongly Agree,Strongly Agree,Strongly Agree,Strongly Agree,Strongly Agree,Strongly Agree,Strongly Agree,Strongly Agree,Strongly Agree,Strongly Agree,Strongly Agree,Strongly Agree,Strongly Agree,Strongly Agree,Strongly Agree,Strongly Agree,Strongly Agree,Strongly Agree,Strongly Agree,Strongly Agree,Strongly Agree,Strongly Agree,Strongly Agree
9/16/22 20:59,9/16/22 21:00,IP Address,*******,20,35,FALSE,9/23/22 21:00,R_1MKDSUJCoyXvtAE,*******,*******,*******,*******,*******,*******,anonymous,EN,3,50,6,3506,,,,,,,,,,,,,,,,,,,,,,,,,,,,,,,,,,,,,,,,,,,,,,,,,,,,,,,,,,,,,,,,,,,,,,
9/20/22 15:23,9/20/22 15:24,IP Address,*******,20,33,FALSE,9/27/22 15:24,R_37zpdXlrkPGUjlv,*******,*******,*******,*******,*******,*******,anonymous,EN,0,37,4,0374,,,,,,,,,,,,,,,,,,,,,,,,,,,,,,,,,,,,,,,,,,,,,,,,,,,,,,,,,,,,,,,,,,,,,,